date,tank,tag,type,ymd,variable,value
2023-10-24T13:56:00Z,T5,9399,tank,2023-10-24,temp.ERL,27.8873
2023-10-24T13:56:00Z,T5,9399,tank,2023-10-24,pH.ERL,7.90639
2023-10-24T13:56:00Z,T5,9399,tank,2023-10-24,sal,33.898270923215144
2023-10-24T13:56:00Z,T5,9399,tank,2023-10-24,dic,2150.9952281508586
2023-10-24T13:56:00Z,T5,9399,tank,2023-10-24,ta,2432.302557915095
2023-10-24T13:56:00Z,T5,9399,tank,2023-10-24,spec_pHCorrected,7.9780678313588265
2023-10-24T13:56:00Z,T5,9399,tank,2023-10-24,ph_calc,7.965014074248039
2023-10-24T13:56:00Z,T5,9399,tank,2023-10-24,CO2,14.051541630306941
2023-10-24T13:56:00Z,T5,9399,tank,2023-10-24,pCO2,529.9680648434721
2023-10-24T13:56:00Z,T5,9399,tank,2023-10-24,HCO3,1928.5378045535333
2023-10-24T13:56:00Z,T5,9399,tank,2023-10-24,CO3,208.4058819670182
2023-10-24T13:56:00Z,T5,9399,tank,2023-10-24,OmegaAragonite,3.3800944669156925
2023-10-24T13:58:00Z,T6,9340,tank,2023-10-24,temp.ERL,27.9479
2023-10-24T13:58:00Z,T6,9340,tank,2023-10-24,pH.ERL,7.97247
2023-10-24T13:58:00Z,T6,9340,tank,2023-10-24,sal,35.51832721867259
2023-10-24T13:58:00Z,T6,9340,tank,2023-10-24,dic,2075.57902721521
2023-10-24T13:58:00Z,T6,9340,tank,2023-10-24,ta,2366.9545843278097
2023-10-24T13:58:00Z,T6,9340,tank,2023-10-24,spec_pHCorrected,7.97513544938902
2023-10-24T13:58:00Z,T6,9340,tank,2023-10-24,ph_calc,7.970722670369927
2023-10-24T13:58:00Z,T6,9340,tank,2023-10-24,CO2,13.124228337760666
2023-10-24T13:58:00Z,T6,9340,tank,2023-10-24,pCO2,499.7974493126141
2023-10-24T13:58:00Z,T6,9340,tank,2023-10-24,HCO3,1851.5377319436343
2023-10-24T13:58:00Z,T6,9340,tank,2023-10-24,CO3,210.9170669338149
2023-10-24T13:58:00Z,T6,9340,tank,2023-10-24,OmegaAragonite,3.3838785002345357
2023-10-24T14:01:00Z,T7,10075,tank,2023-10-24,temp.ERL,27.896
2023-10-24T14:01:00Z,T7,10075,tank,2023-10-24,pH.ERL,8.06651
2023-10-24T14:01:00Z,T7,10075,tank,2023-10-24,sal,33.899926066179475
2023-10-24T14:01:00Z,T7,10075,tank,2023-10-24,dic,2123.9014168570943
2023-10-24T14:01:00Z,T7,10075,tank,2023-10-24,ta,2418.143035697541
2023-10-24T14:01:00Z,T7,10075,tank,2023-10-24,spec_pHCorrected,8.002068275163188
2023-10-24T14:01:00Z,T7,10075,tank,2023-10-24,ph_calc,7.988854864502544
2023-10-24T14:01:00Z,T7,10075,tank,2023-10-24,CO2,13.063822704792411
2023-10-24T14:01:00Z,T7,10075,tank,2023-10-24,pCO2,492.8218131437568
2023-10-24T14:01:00Z,T7,10075,tank,2023-10-24,HCO3,1894.4825632096608
2023-10-24T14:01:00Z,T7,10075,tank,2023-10-24,CO3,216.35503094264095
2023-10-24T14:01:00Z,T7,10075,tank,2023-10-24,OmegaAragonite,3.5091473004840776
2023-10-24T14:03:00Z,T8,10091,tank,2023-10-24,temp.ERL,27.8741
2023-10-24T14:03:00Z,T8,10091,tank,2023-10-24,pH.ERL,7.98143
2023-10-24T14:03:00Z,T8,10091,tank,2023-10-24,sal,33.871069829583924
2023-10-24T14:03:00Z,T8,10091,tank,2023-10-24,dic,2121.1249098646617
2023-10-24T14:03:00Z,T8,10091,tank,2023-10-24,ta,2431.3102278908136
2023-10-24T14:03:00Z,T8,10091,tank,2023-10-24,spec_pHCorrected,8.025783298819924
2023-10-24T14:03:00Z,T8,10091,tank,2023-10-24,ph_calc,8.01393949137366
2023-10-24T14:03:00Z,T8,10091,tank,2023-10-24,CO2,12.254431590768675
2023-10-24T14:03:00Z,T8,10091,tank,2023-10-24,pCO2,461.9785370405016
2023-10-24T14:03:00Z,T8,10091,tank,2023-10-24,HCO3,1881.5504184822048
2023-10-24T14:03:00Z,T8,10091,tank,2023-10-24,CO3,227.32005979168846
2023-10-24T14:03:00Z,T8,10091,tank,2023-10-24,OmegaAragonite,3.6872494633422206
2023-11-02T14:24:00Z,T5,10073,tank,2023-11-02,temp.ERL,27.8967
2023-11-02T14:24:00Z,T5,10073,tank,2023-11-02,pH.ERL,7.94054
2023-11-02T14:24:00Z,T5,10073,tank,2023-11-02,sal,35.01670711746585
2023-11-02T14:24:00Z,T5,10073,tank,2023-11-02,dic,2114.597881593354
2023-11-02T14:24:00Z,T5,10073,tank,2023-11-02,ta,2421.550619812417
2023-11-02T14:24:00Z,T5,10073,tank,2023-11-02,spec_pHCorrected,8.000087507559194
2023-11-02T14:24:00Z,T5,10073,tank,2023-11-02,ph_calc,7.995463271243091
2023-11-02T14:24:00Z,T5,10073,tank,2023-11-02,CO2,12.63925171899396
2023-11-02T14:24:00Z,T5,10073,tank,2023-11-02,pCO2,479.5207537329123
2023-11-02T14:24:00Z,T5,10073,tank,2023-11-02,HCO3,1878.4244401863762
2023-11-02T14:24:00Z,T5,10073,tank,2023-11-02,CO3,223.53418968798397
2023-11-02T14:24:00Z,T5,10073,tank,2023-11-02,OmegaAragonite,3.5982621827180417
2023-11-02T14:27:00Z,T6,10100,tank,2023-11-02,temp.ERL,27.9369
2023-11-02T14:27:00Z,T6,10100,tank,2023-11-02,pH.ERL,7.97332
2023-11-02T14:27:00Z,T6,10100,tank,2023-11-02,sal,34.89885318173947
2023-11-02T14:27:00Z,T6,10100,tank,2023-11-02,dic,2117.090578400446
2023-11-02T14:27:00Z,T6,10100,tank,2023-11-02,ta,2423.6661220996707
2023-11-02T14:27:00Z,T6,10100,tank,2023-11-02,spec_pHCorrected,7.9957090951734875
2023-11-02T14:27:00Z,T6,10100,tank,2023-11-02,ph_calc,7.995389000150916
2023-11-02T14:27:00Z,T6,10100,tank,2023-11-02,CO2,12.660898706337239
2023-11-02T14:27:00Z,T6,10100,tank,2023-11-02,pCO2,480.5155470619688
2023-11-02T14:27:00Z,T6,10100,tank,2023-11-02,HCO3,1880.916346224223
2023-11-02T14:27:00Z,T6,10100,tank,2023-11-02,CO3,223.5133334698859
2023-11-02T14:27:00Z,T6,10100,tank,2023-11-02,OmegaAragonite,3.6016637985096467
2023-11-02T14:30:00Z,T7,10064,tank,2023-11-02,temp.ERL,27.8912
2023-11-02T14:30:00Z,T7,10064,tank,2023-11-02,pH.ERL,7.89469
2023-11-02T14:30:00Z,T7,10064,tank,2023-11-02,sal,34.83466284977915
2023-11-02T14:30:00Z,T7,10064,tank,2023-11-02,dic,2109.5462178797716
2023-11-02T14:30:00Z,T7,10064,tank,2023-11-02,ta,2417.724901567478
2023-11-02T14:30:00Z,T7,10064,tank,2023-11-02,spec_pHCorrected,8.032653579697255
2023-11-02T14:30:00Z,T7,10064,tank,2023-11-02,ph_calc,8.000365855680112
2023-11-02T14:30:00Z,T7,10064,tank,2023-11-02,CO2,12.47869871384885
2023-11-02T14:30:00Z,T7,10064,tank,2023-11-02,pCO2,472.9306630085828
2023-11-02T14:30:00Z,T7,10064,tank,2023-11-02,HCO3,1872.6727659878186
2023-11-02T14:30:00Z,T7,10064,tank,2023-11-02,CO3,224.3947531781039
2023-11-02T14:30:00Z,T7,10064,tank,2023-11-02,OmegaAragonite,3.616615528890924
2023-11-02T14:32:00Z,T8,10074,tank,2023-11-02,temp.ERL,27.9444
2023-11-02T14:32:00Z,T8,10074,tank,2023-11-02,pH.ERL,7.98303
2023-11-02T14:32:00Z,T8,10074,tank,2023-11-02,sal,34.91588290123064
2023-11-02T14:32:00Z,T8,10074,tank,2023-11-02,dic,2112.3920700939757
2023-11-02T14:32:00Z,T8,10074,tank,2023-11-02,ta,2419.1107644243302
2023-11-02T14:32:00Z,T8,10074,tank,2023-11-02,spec_pHCorrected,8.004405392193801
2023-11-02T14:32:00Z,T8,10074,tank,2023-11-02,ph_calc,7.9959756599130625
2023-11-02T14:32:00Z,T8,10074,tank,2023-11-02,CO2,12.60971838571211
2023-11-02T14:32:00Z,T8,10074,tank,2023-11-02,pCO2,478.69999617023007
2023-11-02T14:32:00Z,T8,10074,tank,2023-11-02,HCO3,1876.360896758388
2023-11-02T14:32:00Z,T8,10074,tank,2023-11-02,CO3,223.42145494987554
2023-11-02T14:32:00Z,T8,10074,tank,2023-11-02,OmegaAragonite,3.5998964600446306
2023-11-02T14:36:00Z,loop,10092,loop,2023-11-02,temp.ERL,26.1687
2023-11-02T14:36:00Z,loop,10092,loop,2023-11-02,pH.ERL,NA
2023-11-02T14:36:00Z,loop,10092,loop,2023-11-02,sal,34.90671307148843
2023-11-02T14:36:00Z,loop,10092,loop,2023-11-02,dic,2160.9827044081117
2023-11-02T14:36:00Z,loop,10092,loop,2023-11-02,ta,2412.468297314364
2023-11-02T14:36:00Z,loop,10092,loop,2023-11-02,spec_pHCorrected,7.946518638028781
2023-11-02T14:36:00Z,loop,10092,loop,2023-11-02,ph_calc,7.928013638724535
2023-11-02T14:36:00Z,loop,10092,loop,2023-11-02,CO2,15.907206025372393
2023-11-02T14:36:00Z,loop,10092,loop,2023-11-02,pCO2,578.4067248199243
2023-11-02T14:36:00Z,loop,10092,loop,2023-11-02,HCO3,1958.193806821001
2023-11-02T14:36:00Z,loop,10092,loop,2023-11-02,CO3,186.88169156173802
2023-11-02T14:36:00Z,loop,10092,loop,2023-11-02,OmegaAragonite,2.984310273674433
2023-11-07T15:09:00Z,loop,10006,loop,2023-11-07,temp.ERL,26.2
2023-11-07T15:09:00Z,loop,10006,loop,2023-11-07,pH.ERL,NA
2023-11-07T15:09:00Z,loop,10006,loop,2023-11-07,sal,35.81916841907106
2023-11-07T15:09:00Z,loop,10006,loop,2023-11-07,dic,2122.7032512141577
2023-11-07T15:09:00Z,loop,10006,loop,2023-11-07,ta,2389.266807458319
2023-11-07T15:09:00Z,loop,10006,loop,2023-11-07,spec_pHCorrected,7.979645140320132
2023-11-07T15:09:00Z,loop,10006,loop,2023-11-07,ph_calc,7.946893237768087
2023-11-07T15:09:00Z,loop,10006,loop,2023-11-07,CO2,14.764375054057615
2023-11-07T15:09:00Z,loop,10006,loop,2023-11-07,pCO2,539.795924158316
2023-11-07T15:09:00Z,loop,10006,loop,2023-11-07,HCO3,1913.0352213135366
2023-11-07T15:09:00Z,loop,10006,loop,2023-11-07,CO3,194.90365484656334
2023-11-07T15:09:00Z,loop,10006,loop,2023-11-07,OmegaAragonite,3.0931688062114864
2023-11-07T15:01:00Z,T5,10040,tank,2023-11-07,temp.ERL,27.893409
2023-11-07T15:01:00Z,T5,10040,tank,2023-11-07,pH.ERL,8.069061
2023-11-07T15:01:00Z,T5,10040,tank,2023-11-07,sal,35.56549753114544
2023-11-07T15:01:00Z,T5,10040,tank,2023-11-07,dic,2074.0677096802406
2023-11-07T15:01:00Z,T5,10040,tank,2023-11-07,ta,2401.48197391887
2023-11-07T15:01:00Z,T5,10040,tank,2023-11-07,spec_pHCorrected,8.013812054481614
2023-11-07T15:01:00Z,T5,10040,tank,2023-11-07,ph_calc,8.024643252740812
2023-11-07T15:01:00Z,T5,10040,tank,2023-11-07,CO2,11.446573940586294
2023-11-07T15:01:00Z,T5,10040,tank,2023-11-07,pCO2,435.4475738569425
2023-11-07T15:01:00Z,T5,10040,tank,2023-11-07,HCO3,1827.1774430236915
2023-11-07T15:01:00Z,T5,10040,tank,2023-11-07,CO3,235.4436927159629
2023-11-07T15:01:00Z,T5,10040,tank,2023-11-07,OmegaAragonite,3.775011028092613
2023-11-07T15:03:00Z,T6,10046,tank,2023-11-07,temp.ERL,27.923094
2023-11-07T15:03:00Z,T6,10046,tank,2023-11-07,pH.ERL,8.018236
2023-11-07T15:03:00Z,T6,10046,tank,2023-11-07,sal,35.59860050848125
2023-11-07T15:03:00Z,T6,10046,tank,2023-11-07,dic,2081.583662579047
2023-11-07T15:03:00Z,T6,10046,tank,2023-11-07,ta,2409.6095829205424
2023-11-07T15:03:00Z,T6,10046,tank,2023-11-07,spec_pHCorrected,8.047681383451685
2023-11-07T15:03:00Z,T6,10046,tank,2023-11-07,ph_calc,8.023507520805955
2023-11-07T15:03:00Z,T6,10046,tank,2023-11-07,CO2,11.509852743260014
2023-11-07T15:03:00Z,T6,10046,tank,2023-11-07,pCO2,438.2380884028126
2023-11-07T15:03:00Z,T6,10046,tank,2023-11-07,HCO3,1833.9448867059918
2023-11-07T15:03:00Z,T6,10046,tank,2023-11-07,CO3,236.12892312979488
2023-11-07T15:03:00Z,T6,10046,tank,2023-11-07,OmegaAragonite,3.785660225509014
2023-11-07T15:05:00Z,T7,10061,tank,2023-11-07,temp.ERL,27.899589
2023-11-07T15:05:00Z,T7,10061,tank,2023-11-07,pH.ERL,NA
2023-11-07T15:05:00Z,T7,10061,tank,2023-11-07,sal,35.56287699018261
2023-11-07T15:05:00Z,T7,10061,tank,2023-11-07,dic,2088.862384943346
2023-11-07T15:05:00Z,T7,10061,tank,2023-11-07,ta,2398.148055903997
2023-11-07T15:05:00Z,T7,10061,tank,2023-11-07,spec_pHCorrected,7.982462280409363
2023-11-07T15:05:00Z,T7,10061,tank,2023-11-07,ph_calc,7.996006937558351
2023-11-07T15:05:00Z,T7,10061,tank,2023-11-07,CO2,12.39777647081847
2023-11-07T15:05:00Z,T7,10061,tank,2023-11-07,pCO2,471.6962210457336
2023-11-07T15:05:00Z,T7,10061,tank,2023-11-07,HCO3,1852.9043964888926
2023-11-07T15:05:00Z,T7,10061,tank,2023-11-07,CO3,223.56021198363555
2023-11-07T15:05:00Z,T7,10061,tank,2023-11-07,OmegaAragonite,3.5846589482806874
2023-11-07T15:06:00Z,T8,10079,tank,2023-11-07,temp.ERL,27.953893
2023-11-07T15:06:00Z,T8,10079,tank,2023-11-07,pH.ERL,8.063887
2023-11-07T15:06:00Z,T8,10079,tank,2023-11-07,sal,35.573359131472685
2023-11-07T15:06:00Z,T8,10079,tank,2023-11-07,dic,2068.5525016468464
2023-11-07T15:06:00Z,T8,10079,tank,2023-11-07,ta,2397.217006329391
2023-11-07T15:06:00Z,T8,10079,tank,2023-11-07,spec_pHCorrected,8.042076046618208
2023-11-07T15:06:00Z,T8,10079,tank,2023-11-07,ph_calc,8.026271397923033
2023-11-07T15:06:00Z,T8,10079,tank,2023-11-07,CO2,11.352548250825715
2023-11-07T15:06:00Z,T8,10079,tank,2023-11-07,pCO2,432.510428587254
2023-11-07T15:06:00Z,T8,10079,tank,2023-11-07,HCO3,1821.0994186623311
2023-11-07T15:06:00Z,T8,10079,tank,2023-11-07,CO3,236.10053473368941
2023-11-07T15:06:00Z,T8,10079,tank,2023-11-07,OmegaAragonite,3.7865074018462126
2023-11-14T15:13:00Z,loop,10048,loop,2023-11-14,temp.ERL,26.2516
2023-11-14T15:13:00Z,loop,10048,loop,2023-11-14,pH.ERL,NA
2023-11-14T15:13:00Z,loop,10048,loop,2023-11-14,sal,34.44687561920812
2023-11-14T15:13:00Z,loop,10048,loop,2023-11-14,dic,2214.2000091673954
2023-11-14T15:13:00Z,loop,10048,loop,2023-11-14,ta,2403.3408462755842
2023-11-14T15:13:00Z,loop,10048,loop,2023-11-14,spec_pHCorrected,7.85248344635006
2023-11-14T15:13:00Z,loop,10048,loop,2023-11-14,ph_calc,7.810944663278493
2023-11-14T15:13:00Z,loop,10048,loop,2023-11-14,CO2,21.794945255015445
2023-11-14T15:13:00Z,loop,10048,loop,2023-11-14,pCO2,792.2368724568394
2023-11-14T15:13:00Z,loop,10048,loop,2023-11-14,HCO3,2044.5162386404877
2023-11-14T15:13:00Z,loop,10048,loop,2023-11-14,CO3,147.88882527189205
2023-11-14T15:13:00Z,loop,10048,loop,2023-11-14,OmegaAragonite,2.3698173873915636
2023-11-14T15:08:00Z,T5,10034,tank,2023-11-14,temp.ERL,27.9345
2023-11-14T15:08:00Z,T5,10034,tank,2023-11-14,pH.ERL,7.94875
2023-11-14T15:08:00Z,T5,10034,tank,2023-11-14,sal,34.709071043530685
2023-11-14T15:08:00Z,T5,10034,tank,2023-11-14,dic,2146.437848092354
2023-11-14T15:08:00Z,T5,10034,tank,2023-11-14,ta,2395.70143243717
2023-11-14T15:08:00Z,T5,10034,tank,2023-11-14,spec_pHCorrected,7.937729442040899
2023-11-14T15:08:00Z,T5,10034,tank,2023-11-14,ph_calc,7.902531382749854
2023-11-14T15:08:00Z,T5,10034,tank,2023-11-14,CO2,16.234523002156482
2023-11-14T15:08:00Z,T5,10034,tank,2023-11-14,pCO2,615.5169933895223
2023-11-14T15:08:00Z,T5,10034,tank,2023-11-14,HCO3,1944.449630985402
2023-11-14T15:08:00Z,T5,10034,tank,2023-11-14,CO3,185.75369410479573
2023-11-14T15:08:00Z,T5,10034,tank,2023-11-14,OmegaAragonite,2.9971208904688997
2023-11-14T15:06:00Z,T6,10007,tank,2023-11-14,temp.ERL,27.9562
2023-11-14T15:06:00Z,T6,10007,tank,2023-11-14,pH.ERL,7.93697
2023-11-14T15:06:00Z,T6,10007,tank,2023-11-14,sal,34.74439551350537
2023-11-14T15:06:00Z,T6,10007,tank,2023-11-14,dic,2145.7529416470393
2023-11-14T15:06:00Z,T6,10007,tank,2023-11-14,ta,2399.107052576841
2023-11-14T15:06:00Z,T6,10007,tank,2023-11-14,spec_pHCorrected,7.946766428598749
2023-11-14T15:06:00Z,T6,10007,tank,2023-11-14,ph_calc,7.908799264989212
2023-11-14T15:06:00Z,T6,10007,tank,2023-11-14,CO2,15.96531084580897
2023-11-14T15:06:00Z,T6,10007,tank,2023-11-14,pCO2,605.7317539917976
2023-11-14T15:06:00Z,T6,10007,tank,2023-11-14,HCO3,1941.3341518318414
2023-11-14T15:06:00Z,T6,10007,tank,2023-11-14,CO3,188.4534789693888
2023-11-14T15:06:00Z,T6,10007,tank,2023-11-14,OmegaAragonite,3.040288577109756
2023-11-14T15:04:00Z,T7,10077,tank,2023-11-14,temp.ERL,27.9135
2023-11-14T15:04:00Z,T7,10077,tank,2023-11-14,pH.ERL,7.95768
2023-11-14T15:04:00Z,T7,10077,tank,2023-11-14,sal,34.77026731084551
2023-11-14T15:04:00Z,T7,10077,tank,2023-11-14,dic,2144.189797585404
2023-11-14T15:04:00Z,T7,10077,tank,2023-11-14,ta,2390.525258260926
2023-11-14T15:04:00Z,T7,10077,tank,2023-11-14,spec_pHCorrected,7.9355921068718
2023-11-14T15:04:00Z,T7,10077,tank,2023-11-14,ph_calc,7.897398249109436
2023-11-14T15:04:00Z,T7,10077,tank,2023-11-14,CO2,16.42275627364679
2023-11-14T15:04:00Z,T7,10077,tank,2023-11-14,pCO2,622.5349602730873
2023-11-14T15:04:00Z,T7,10077,tank,2023-11-14,HCO3,1944.1087093913027
2023-11-14T15:04:00Z,T7,10077,tank,2023-11-14,CO3,183.65833192045446
2023-11-14T15:04:00Z,T7,10077,tank,2023-11-14,OmegaAragonite,2.961729979891838
2023-11-14T15:03:00Z,T8,10042,tank,2023-11-14,temp.ERL,27.8864
2023-11-14T15:03:00Z,T8,10042,tank,2023-11-14,pH.ERL,7.92326
2023-11-14T15:03:00Z,T8,10042,tank,2023-11-14,sal,34.798209055328584
2023-11-14T15:03:00Z,T8,10042,tank,2023-11-14,dic,2139.957427355804
2023-11-14T15:03:00Z,T8,10042,tank,2023-11-14,ta,2389.98876217912
2023-11-14T15:03:00Z,T8,10042,tank,2023-11-14,spec_pHCorrected,7.936955991815831
2023-11-14T15:03:00Z,T8,10042,tank,2023-11-14,ph_calc,7.9043365780394295
2023-11-14T15:03:00Z,T8,10042,tank,2023-11-14,CO2,16.11506203217637
2023-11-14T15:03:00Z,T8,10042,tank,2023-11-14,pCO2,610.5628001664038
2023-11-14T15:03:00Z,T8,10042,tank,2023-11-14,HCO3,1937.8864928773153
2023-11-14T15:03:00Z,T8,10042,tank,2023-11-14,CO3,185.95587244631238
2023-11-14T15:03:00Z,T8,10042,tank,2023-11-14,OmegaAragonite,2.9977715065282853
2023-11-21T14:50:00Z,T5,10055,tank,2023-11-21,temp.ERL,28.0512
2023-11-21T14:50:00Z,T5,10055,tank,2023-11-21,pH.ERL,8.05352
2023-11-21T14:50:00Z,T5,10055,tank,2023-11-21,sal,33.45054871703679
2023-11-21T14:50:00Z,T5,10055,tank,2023-11-21,dic,2045.9922906154372
2023-11-21T14:50:00Z,T5,10055,tank,2023-11-21,ta,2384.778670834197
2023-11-21T14:50:00Z,T5,10055,tank,2023-11-21,spec_pHCorrected,8.019930311666766
2023-11-21T14:50:00Z,T5,10055,tank,2023-11-21,ph_calc,8.069514060204227
2023-11-21T14:50:00Z,T5,10055,tank,2023-11-21,CO2,10.266439251573251
2023-11-21T14:50:00Z,T5,10055,tank,2023-11-21,pCO2,387.84669637594794
2023-11-21T14:50:00Z,T5,10055,tank,2023-11-21,HCO3,1790.7098888321548
2023-11-21T14:50:00Z,T5,10055,tank,2023-11-21,CO3,245.01596253170908
2023-11-21T14:50:00Z,T5,10055,tank,2023-11-21,OmegaAragonite,3.9888765275769713
2023-11-21T14:52:00Z,T6,10060,tank,2023-11-21,temp.ERL,28.0435
2023-11-21T14:52:00Z,T6,10060,tank,2023-11-21,pH.ERL,8.02419
2023-11-21T14:52:00Z,T6,10060,tank,2023-11-21,sal,33.45750975430504
2023-11-21T14:52:00Z,T6,10060,tank,2023-11-21,dic,2045.248685654486
2023-11-21T14:52:00Z,T6,10060,tank,2023-11-21,ta,2385.1401680151052
2023-11-21T14:52:00Z,T6,10060,tank,2023-11-21,spec_pHCorrected,8.065983670251306
2023-11-21T14:52:00Z,T6,10060,tank,2023-11-21,ph_calc,8.071207657409207
2023-11-21T14:52:00Z,T6,10060,tank,2023-11-21,CO2,10.219124499321309
2023-11-21T14:52:00Z,T6,10060,tank,2023-11-21,pCO2,386.00192417139687
2023-11-21T14:52:00Z,T6,10060,tank,2023-11-21,HCO3,1789.2805246968742
2023-11-21T14:52:00Z,T6,10060,tank,2023-11-21,CO3,245.749036458291
2023-11-21T14:52:00Z,T6,10060,tank,2023-11-21,OmegaAragonite,4.000465042000462
2023-11-21T14:54:00Z,T7,10067,tank,2023-11-21,temp.ERL,27.9983
2023-11-21T14:54:00Z,T7,10067,tank,2023-11-21,pH.ERL,8.06105
2023-11-21T14:54:00Z,T7,10067,tank,2023-11-21,sal,33.488653365851405
2023-11-21T14:54:00Z,T7,10067,tank,2023-11-21,dic,2038.0176293336688
2023-11-21T14:54:00Z,T7,10067,tank,2023-11-21,ta,2386.73011945097
2023-11-21T14:54:00Z,T7,10067,tank,2023-11-21,spec_pHCorrected,8.068444103949016
2023-11-21T14:54:00Z,T7,10067,tank,2023-11-21,ph_calc,8.084895824102174
2023-11-21T14:54:00Z,T7,10067,tank,2023-11-21,CO2,9.837221590061054
2023-11-21T14:54:00Z,T7,10067,tank,2023-11-21,pCO2,371.2343671525233
2023-11-21T14:54:00Z,T7,10067,tank,2023-11-21,HCO3,1776.5876555558518
2023-11-21T14:54:00Z,T7,10067,tank,2023-11-21,CO3,251.59275218775562
2023-11-21T14:54:00Z,T7,10067,tank,2023-11-21,OmegaAragonite,4.093767324196742
2023-11-21T14:56:00Z,T8,10076,tank,2023-11-21,temp.ERL,28.0083
2023-11-21T14:56:00Z,T8,10076,tank,2023-11-21,pH.ERL,8.01106
2023-11-21T14:56:00Z,T8,10076,tank,2023-11-21,sal,33.52869614649071
2023-11-21T14:56:00Z,T8,10076,tank,2023-11-21,dic,2052.8469658967547
2023-11-21T14:56:00Z,T8,10076,tank,2023-11-21,ta,2380.3220618795394
2023-11-21T14:56:00Z,T8,10076,tank,2023-11-21,spec_pHCorrected,8.040093921325926
2023-11-21T14:56:00Z,T8,10076,tank,2023-11-21,ph_calc,8.052003539990578
2023-11-21T14:56:00Z,T8,10076,tank,2023-11-21,CO2,10.774022210908523
2023-11-21T14:56:00Z,T8,10076,tank,2023-11-21,pCO2,406.7667220749315
2023-11-21T14:56:00Z,T8,10076,tank,2023-11-21,HCO3,1804.8147739827411
2023-11-21T14:56:00Z,T8,10076,tank,2023-11-21,CO3,237.25816970310478
2023-11-21T14:56:00Z,T8,10076,tank,2023-11-21,OmegaAragonite,3.8597532357993813
2023-11-21T15:02:00Z,loop,10084,loop,2023-11-21,temp.ERL,25.2344
2023-11-21T15:02:00Z,loop,10084,loop,2023-11-21,pH.ERL,NA
2023-11-21T15:02:00Z,loop,10084,loop,2023-11-21,sal,33.561150364685034
2023-11-21T15:02:00Z,loop,10084,loop,2023-11-21,dic,2124.7716452848263
2023-11-21T15:02:00Z,loop,10084,loop,2023-11-21,ta,2375.800932599865
2023-11-21T15:02:00Z,loop,10084,loop,2023-11-21,spec_pHCorrected,7.926617065385936
2023-11-21T15:02:00Z,loop,10084,loop,2023-11-21,ph_calc,7.9626306229213
2023-11-21T15:02:00Z,loop,10084,loop,2023-11-21,CO2,14.857775231339113
2023-11-21T15:02:00Z,loop,10084,loop,2023-11-21,pCO2,524.1606156364599
2023-11-21T15:02:00Z,loop,10084,loop,2023-11-21,HCO3,1923.7074368313863
2023-11-21T15:02:00Z,loop,10084,loop,2023-11-21,CO3,186.2064332221005
2023-11-21T15:02:00Z,loop,10084,loop,2023-11-21,OmegaAragonite,2.9853740942318745
2023-11-28T15:22:00Z,T5,10015,tank,2023-11-28,temp.ERL,28.0116
2023-11-28T15:22:00Z,T5,10015,tank,2023-11-28,pH.ERL,7.87868
2023-11-28T15:22:00Z,T5,10015,tank,2023-11-28,sal,32.78795991146536
2023-11-28T15:22:00Z,T5,10015,tank,2023-11-28,dic,2142.8223980452267
2023-11-28T15:22:00Z,T5,10015,tank,2023-11-28,ta,2439.4994429526037
2023-11-28T15:22:00Z,T5,10015,tank,2023-11-28,spec_pHCorrected,7.996869536803739
2023-11-28T15:22:00Z,T5,10015,tank,2023-11-28,ph_calc,8.002254213198789
2023-11-28T15:22:00Z,T5,10015,tank,2023-11-28,CO2,12.870340502467284
2023-11-28T15:22:00Z,T5,10015,tank,2023-11-28,pCO2,484.13060761846225
2023-11-28T15:22:00Z,T5,10015,tank,2023-11-28,HCO3,1909.9475152571636
2023-11-28T15:22:00Z,T5,10015,tank,2023-11-28,CO3,220.0045422855961
2023-11-28T15:22:00Z,T5,10015,tank,2023-11-28,OmegaAragonite,3.5956020707808576
2023-11-28T15:23:00Z,T6,10023,tank,2023-11-28,temp.ERL,27.999
2023-11-28T15:23:00Z,T6,10023,tank,2023-11-28,pH.ERL,7.9509
2023-11-28T15:23:00Z,T6,10023,tank,2023-11-28,sal,32.83161018544499
2023-11-28T15:23:00Z,T6,10023,tank,2023-11-28,dic,2140.7528094879094
2023-11-28T15:23:00Z,T6,10023,tank,2023-11-28,ta,2439.3257362363656
2023-11-28T15:23:00Z,T6,10023,tank,2023-11-28,spec_pHCorrected,8.003661715677085
2023-11-28T15:23:00Z,T6,10023,tank,2023-11-28,ph_calc,8.0050655632997
2023-11-28T15:23:00Z,T6,10023,tank,2023-11-28,CO2,12.763967976284649
2023-11-28T15:23:00Z,T6,10023,tank,2023-11-28,pCO2,480.0908254066805
2023-11-28T15:23:00Z,T6,10023,tank,2023-11-28,HCO3,1906.790247041489
2023-11-28T15:23:00Z,T6,10023,tank,2023-11-28,CO3,221.19859447013624
2023-11-28T15:23:00Z,T6,10023,tank,2023-11-28,OmegaAragonite,3.6139089216627687
2023-11-28T15:25:00Z,T7,10043,tank,2023-11-28,temp.ERL,27.9989
2023-11-28T15:25:00Z,T7,10043,tank,2023-11-28,pH.ERL,7.93014
2023-11-28T15:25:00Z,T7,10043,tank,2023-11-28,sal,32.97202900905869
2023-11-28T15:25:00Z,T7,10043,tank,2023-11-28,dic,2152.8330780017877
2023-11-28T15:25:00Z,T7,10043,tank,2023-11-28,ta,2441.139422797766
2023-11-28T15:25:00Z,T7,10043,tank,2023-11-28,spec_pHCorrected,7.9816477208825285
2023-11-28T15:25:00Z,T7,10043,tank,2023-11-28,ph_calc,7.985751001946103
2023-11-28T15:25:00Z,T7,10043,tank,2023-11-28,CO2,13.454979414062622
2023-11-28T15:25:00Z,T7,10043,tank,2023-11-28,pCO2,506.4407607064744
2023-11-28T15:25:00Z,T7,10043,tank,2023-11-28,HCO3,1925.0542925637687
2023-11-28T15:25:00Z,T7,10043,tank,2023-11-28,CO3,214.3238060239559
2023-11-28T15:25:00Z,T7,10043,tank,2023-11-28,OmegaAragonite,3.4985988892081585
2023-11-28T15:27:00Z,T8,10014,tank,2023-11-28,temp.ERL,28.0166
2023-11-28T15:27:00Z,T8,10014,tank,2023-11-28,pH.ERL,7.94298
2023-11-28T15:27:00Z,T8,10014,tank,2023-11-28,sal,32.82014031512353
2023-11-28T15:27:00Z,T8,10014,tank,2023-11-28,dic,2153.1496649838355
2023-11-28T15:27:00Z,T8,10014,tank,2023-11-28,ta,2437.4026220901474
2023-11-28T15:27:00Z,T8,10014,tank,2023-11-28,spec_pHCorrected,7.956140612555091
2023-11-28T15:27:00Z,T8,10014,tank,2023-11-28,ph_calc,7.9810729904336775
2023-11-28T15:27:00Z,T8,10014,tank,2023-11-28,CO2,13.634776858482358
2023-11-28T15:27:00Z,T8,10014,tank,2023-11-28,pCO2,513.030602537934
2023-11-28T15:27:00Z,T8,10014,tank,2023-11-28,HCO3,1927.820009175923
2023-11-28T15:27:00Z,T8,10014,tank,2023-11-28,CO3,211.69487894943092
2023-11-28T15:27:00Z,T8,10014,tank,2023-11-28,OmegaAragonite,3.459218980019927
2023-11-28T15:29:00Z,loop,10058,loop,2023-11-28,temp.ERL,25.0889
2023-11-28T15:29:00Z,loop,10058,loop,2023-11-28,pH.ERL,NA
2023-11-28T15:29:00Z,loop,10058,loop,2023-11-28,sal,32.28330039418406
2023-11-28T15:29:00Z,loop,10058,loop,2023-11-28,dic,2228.136291026001
2023-11-28T15:29:00Z,loop,10058,loop,2023-11-28,ta,2447.961174895038
2023-11-28T15:29:00Z,loop,10058,loop,2023-11-28,spec_pHCorrected,7.880707276248686
2023-11-28T15:29:00Z,loop,10058,loop,2023-11-28,ph_calc,7.911684177876261
2023-11-28T15:29:00Z,loop,10058,loop,2023-11-28,CO2,17.981845219199784
2023-11-28T15:29:00Z,loop,10058,loop,2023-11-28,pCO2,627.8683404229722
2023-11-28T15:29:00Z,loop,10058,loop,2023-11-28,HCO3,2040.7000091232303
2023-11-28T15:29:00Z,loop,10058,loop,2023-11-28,CO3,169.4544366835709
2023-11-28T15:29:00Z,loop,10058,loop,2023-11-28,OmegaAragonite,2.7345629195877392
2023-12-07T14:48:00Z,T5,10088,tank,2023-12-07,temp.ERL,28.0228
2023-12-07T14:48:00Z,T5,10088,tank,2023-12-07,pH.ERL,8.00049
2023-12-07T14:48:00Z,T5,10088,tank,2023-12-07,sal,34.7942071128029
2023-12-07T14:48:00Z,T5,10088,tank,2023-12-07,dic,2112.9591007597687
2023-12-07T14:48:00Z,T5,10088,tank,2023-12-07,ta,2425.82175005371
2023-12-07T14:48:00Z,T5,10088,tank,2023-12-07,spec_pHCorrected,8.031781708546147
2023-12-07T14:48:00Z,T5,10088,tank,2023-12-07,ph_calc,8.005299791459958
2023-12-07T14:48:00Z,T5,10088,tank,2023-12-07,CO2,12.312974488391843
2023-12-07T14:48:00Z,T5,10088,tank,2023-12-07,pCO2,468.01993139435245
2023-12-07T14:48:00Z,T5,10088,tank,2023-12-07,HCO3,1872.7999394131125
2023-12-07T14:48:00Z,T5,10088,tank,2023-12-07,CO3,227.8461868582644
2023-12-07T14:48:00Z,T5,10088,tank,2023-12-07,OmegaAragonite,3.6758305850942024
2023-12-07T14:50:00Z,T6,10001,tank,2023-12-07,temp.ERL,27.9681
2023-12-07T14:50:00Z,T6,10001,tank,2023-12-07,pH.ERL,8.03855
2023-12-07T14:50:00Z,T6,10001,tank,2023-12-07,sal,34.78378996176418
2023-12-07T14:50:00Z,T6,10001,tank,2023-12-07,dic,2091.4700248993963
2023-12-07T14:50:00Z,T6,10001,tank,2023-12-07,ta,2423.417615616852
2023-12-07T14:50:00Z,T6,10001,tank,2023-12-07,spec_pHCorrected,8.034117629100308
2023-12-07T14:50:00Z,T6,10001,tank,2023-12-07,ph_calc,8.036967362802129
2023-12-07T14:50:00Z,T6,10001,tank,2023-12-07,CO2,11.258582461073354
2023-12-07T14:50:00Z,T6,10001,tank,2023-12-07,pCO2,427.362364681974
2023-12-07T14:50:00Z,T6,10001,tank,2023-12-07,HCO3,1839.9620440548417
2023-12-07T14:50:00Z,T6,10001,tank,2023-12-07,CO3,240.24939838348106
2023-12-07T14:50:00Z,T6,10001,tank,2023-12-07,OmegaAragonite,3.875089219473779
2023-12-07T14:52:00Z,T7,10081,tank,2023-12-07,temp.ERL,27.986
2023-12-07T14:52:00Z,T7,10081,tank,2023-12-07,pH.ERL,8.03557
2023-12-07T14:52:00Z,T7,10081,tank,2023-12-07,sal,34.857278219722964
2023-12-07T14:52:00Z,T7,10081,tank,2023-12-07,dic,2103.1628342289923
2023-12-07T14:52:00Z,T7,10081,tank,2023-12-07,ta,2416.3173090677847
2023-12-07T14:52:00Z,T7,10081,tank,2023-12-07,spec_pHCorrected,8.052861240294241
2023-12-07T14:52:00Z,T7,10081,tank,2023-12-07,ph_calc,8.006963245209151
2023-12-07T14:52:00Z,T7,10081,tank,2023-12-07,CO2,12.206032281009213
2023-12-07T14:52:00Z,T7,10081,tank,2023-12-07,pCO2,463.69674588307396
2023-12-07T14:52:00Z,T7,10081,tank,2023-12-07,HCO3,1863.3618235644765
2023-12-07T14:52:00Z,T7,10081,tank,2023-12-07,CO3,227.5949783835068
2023-12-07T14:52:00Z,T7,10081,tank,2023-12-07,OmegaAragonite,3.669450227218543
2023-12-07T14:54:00Z,T8,10066,tank,2023-12-07,temp.ERL,28.0293
2023-12-07T14:54:00Z,T8,10066,tank,2023-12-07,pH.ERL,8.04727
2023-12-07T14:54:00Z,T8,10066,tank,2023-12-07,sal,34.7975188724155
2023-12-07T14:54:00Z,T8,10066,tank,2023-12-07,dic,2089.0853302589153
2023-12-07T14:54:00Z,T8,10066,tank,2023-12-07,ta,2423.355074359368
2023-12-07T14:54:00Z,T8,10066,tank,2023-12-07,spec_pHCorrected,8.037740590873538
2023-12-07T14:54:00Z,T8,10066,tank,2023-12-07,ph_calc,8.03951543662251
2023-12-07T14:54:00Z,T8,10066,tank,2023-12-07,CO2,11.155833155376065
2023-12-07T14:54:00Z,T8,10066,tank,2023-12-07,pCO2,424.1092959380273
2023-12-07T14:54:00Z,T8,10066,tank,2023-12-07,HCO3,1836.1548950539511
2023-12-07T14:54:00Z,T8,10066,tank,2023-12-07,CO3,241.7746020495882
2023-12-07T14:54:00Z,T8,10066,tank,2023-12-07,OmegaAragonite,3.9005814755904495
2023-12-07T15:00:00Z,loop,10052,loop,2023-12-07,temp.ERL,24.1536
2023-12-07T15:00:00Z,loop,10052,loop,2023-12-07,pH.ERL,NA
2023-12-07T15:00:00Z,loop,10052,loop,2023-12-07,sal,35.091756415229256
2023-12-07T15:00:00Z,loop,10052,loop,2023-12-07,dic,2133.9818389244992
2023-12-07T15:00:00Z,loop,10052,loop,2023-12-07,ta,2410.151908928495
2023-12-07T15:00:00Z,loop,10052,loop,2023-12-07,spec_pHCorrected,8.00679052172793
2023-12-07T15:00:00Z,loop,10052,loop,2023-12-07,ph_calc,8.000206746732779
2023-12-07T15:00:00Z,loop,10052,loop,2023-12-07,CO2,13.702488921760084
2023-12-07T15:00:00Z,loop,10052,loop,2023-12-07,pCO2,474.0916906964418
2023-12-07T15:00:00Z,loop,10052,loop,2023-12-07,HCO3,1918.6104989370774
2023-12-07T15:00:00Z,loop,10052,loop,2023-12-07,CO3,201.66885106566153
2023-12-07T15:00:00Z,loop,10052,loop,2023-12-07,OmegaAragonite,3.186402197231176
2023-12-12T15:50:00Z,T5,10030,tank,2023-12-12,temp.ERL,27.9342
2023-12-12T15:50:00Z,T5,10030,tank,2023-12-12,pH.ERL,8.00314
2023-12-12T15:50:00Z,T5,10030,tank,2023-12-12,sal,34.19398903915077
2023-12-12T15:50:00Z,T5,10030,tank,2023-12-12,dic,2139.030545018856
2023-12-12T15:50:00Z,T5,10030,tank,2023-12-12,ta,2444.8413193034694
2023-12-12T15:50:00Z,T5,10030,tank,2023-12-12,spec_pHCorrected,8.026205961115505
2023-12-12T15:50:00Z,T5,10030,tank,2023-12-12,ph_calc,7.999826601267223
2023-12-12T15:50:00Z,T5,10030,tank,2023-12-12,CO2,12.745449718786785
2023-12-12T15:50:00Z,T5,10030,tank,2023-12-12,pCO2,481.9683765840793
2023-12-12T15:50:00Z,T5,10030,tank,2023-12-12,HCO3,1901.6996367229929
2023-12-12T15:50:00Z,T5,10030,tank,2023-12-12,CO3,224.58545857707617
2023-12-12T15:50:00Z,T5,10030,tank,2023-12-12,OmegaAragonite,3.6363386451195985
2023-12-12T15:51:00Z,T6,10045,tank,2023-12-12,temp.ERL,27.9657
2023-12-12T15:51:00Z,T6,10045,tank,2023-12-12,pH.ERL,8.0285
2023-12-12T15:51:00Z,T6,10045,tank,2023-12-12,sal,34.221872789609435
2023-12-12T15:51:00Z,T6,10045,tank,2023-12-12,dic,2127.762997146046
2023-12-12T15:51:00Z,T6,10045,tank,2023-12-12,ta,2445.035291384589
2023-12-12T15:51:00Z,T6,10045,tank,2023-12-12,spec_pHCorrected,8.04011957098217
2023-12-12T15:51:00Z,T6,10045,tank,2023-12-12,ph_calc,8.017523563338736
2023-12-12T15:51:00Z,T6,10045,tank,2023-12-12,CO2,12.109875349132539
2023-12-12T15:51:00Z,T6,10045,tank,2023-12-12,pCO2,458.3432974975424
2023-12-12T15:51:00Z,T6,10045,tank,2023-12-12,HCO3,1883.5448002099508
2023-12-12T15:51:00Z,T6,10045,tank,2023-12-12,CO3,232.10832158696266
2023-12-12T15:51:00Z,T6,10045,tank,2023-12-12,OmegaAragonite,3.7580808975246267
2023-12-12T15:52:00Z,T7,10057,tank,2023-12-12,temp.ERL,27.9858
2023-12-12T15:52:00Z,T7,10057,tank,2023-12-12,pH.ERL,7.97945
2023-12-12T15:52:00Z,T7,10057,tank,2023-12-12,sal,34.18777592273906
2023-12-12T15:52:00Z,T7,10057,tank,2023-12-12,dic,2154.640454584099
2023-12-12T15:52:00Z,T7,10057,tank,2023-12-12,ta,2448.98155067884
2023-12-12T15:52:00Z,T7,10057,tank,2023-12-12,spec_pHCorrected,7.978114444144553
2023-12-12T15:52:00Z,T7,10057,tank,2023-12-12,ph_calc,7.97959330789885
2023-12-12T15:52:00Z,T7,10057,tank,2023-12-12,CO2,13.497182209458103
2023-12-12T15:52:00Z,T7,10057,tank,2023-12-12,pCO2,511.0078990325879
2023-12-12T15:52:00Z,T7,10057,tank,2023-12-12,HCO3,1923.9039286817078
2023-12-12T15:52:00Z,T7,10057,tank,2023-12-12,CO3,217.23934369293335
2023-12-12T15:52:00Z,T7,10057,tank,2023-12-12,OmegaAragonite,3.5185165160581566
2023-12-12T15:53:00Z,T8,10065,tank,2023-12-12,temp.ERL,27.9924
2023-12-12T15:53:00Z,T8,10065,tank,2023-12-12,pH.ERL,8.00859
2023-12-12T15:53:00Z,T8,10065,tank,2023-12-12,sal,34.26514868403595
2023-12-12T15:53:00Z,T8,10065,tank,2023-12-12,dic,2152.7353009433555
2023-12-12T15:53:00Z,T8,10065,tank,2023-12-12,ta,2454.5968163074695
2023-12-12T15:53:00Z,T8,10065,tank,2023-12-12,spec_pHCorrected,8.003197498116364
2023-12-12T15:53:00Z,T8,10065,tank,2023-12-12,ph_calc,7.9901669333763605
2023-12-12T15:53:00Z,T8,10065,tank,2023-12-12,CO2,13.11737665456214
2023-12-12T15:53:00Z,T8,10065,tank,2023-12-12,pCO2,496.90121103197674
2023-12-12T15:53:00Z,T8,10065,tank,2023-12-12,HCO3,1917.3312466953662
2023-12-12T15:53:00Z,T8,10065,tank,2023-12-12,CO3,222.28667759342707
2023-12-12T15:53:00Z,T8,10065,tank,2023-12-12,OmegaAragonite,3.5985324653371733
2023-12-12T15:56:00Z,loop,10033,loop,2023-12-12,temp.ERL,23.3095
2023-12-12T15:56:00Z,loop,10033,loop,2023-12-12,pH.ERL,NA
2023-12-12T15:56:00Z,loop,10033,loop,2023-12-12,sal,34.268738648326284
2023-12-12T15:56:00Z,loop,10033,loop,2023-12-12,dic,2199.560095655503
2023-12-12T15:56:00Z,loop,10033,loop,2023-12-12,ta,2439.23426806224
2023-12-12T15:56:00Z,loop,10033,loop,2023-12-12,spec_pHCorrected,7.9684726738110365
2023-12-12T15:56:00Z,loop,10033,loop,2023-12-12,ph_calc,7.9527869931667
2023-12-12T15:56:00Z,loop,10033,loop,2023-12-12,CO2,16.340690572360455
2023-12-12T15:56:00Z,loop,10033,loop,2023-12-12,pCO2,550.7907652952349
2023-12-12T15:56:00Z,loop,10033,loop,2023-12-12,HCO3,2003.6354101139702
2023-12-12T15:56:00Z,loop,10033,loop,2023-12-12,CO3,179.5839949691727
2023-12-12T15:56:00Z,loop,10033,loop,2023-12-12,OmegaAragonite,2.8415626520769504
2023-12-19T15:32:00Z,T5,10002,tank,2023-12-19,temp.ERL,28.0041
2023-12-19T15:32:00Z,T5,10002,tank,2023-12-19,pH.ERL,8.03168
2023-12-19T15:32:00Z,T5,10002,tank,2023-12-19,sal,33.96681836160359
2023-12-19T15:32:00Z,T5,10002,tank,2023-12-19,dic,2128.690736099619
2023-12-19T15:32:00Z,T5,10002,tank,2023-12-19,ta,2436.9520866907856
2023-12-19T15:32:00Z,T5,10002,tank,2023-12-19,spec_pHCorrected,8.01851580873611
2023-12-19T15:32:00Z,T5,10002,tank,2023-12-19,ph_calc,8.006809104800263
2023-12-19T15:32:00Z,T5,10002,tank,2023-12-19,CO2,12.473385433487852
2023-12-19T15:32:00Z,T5,10002,tank,2023-12-19,pCO2,471.92419152907246
2023-12-19T15:32:00Z,T5,10002,tank,2023-12-19,HCO3,1890.0237236600415
2023-12-19T15:32:00Z,T5,10002,tank,2023-12-19,CO3,226.19362700608968
2023-12-19T15:32:00Z,T5,10002,tank,2023-12-19,OmegaAragonite,3.6692644400921184
2023-12-19T15:33:00Z,T6,10028,tank,2023-12-19,temp.ERL,27.9979
2023-12-19T15:33:00Z,T6,10028,tank,2023-12-19,pH.ERL,8.03788
2023-12-19T15:33:00Z,T6,10028,tank,2023-12-19,sal,34.10321877547487
2023-12-19T15:33:00Z,T6,10028,tank,2023-12-19,dic,2106.4378618557007
2023-12-19T15:33:00Z,T6,10028,tank,2023-12-19,ta,2435.183339777866
2023-12-19T15:33:00Z,T6,10028,tank,2023-12-19,spec_pHCorrected,8.039192899811725
2023-12-19T15:33:00Z,T6,10028,tank,2023-12-19,ph_calc,8.038254828391443
2023-12-19T15:33:00Z,T6,10028,tank,2023-12-19,CO2,11.378844862578942
2023-12-19T15:33:00Z,T6,10028,tank,2023-12-19,pCO2,430.7465958142177
2023-12-19T15:33:00Z,T6,10028,tank,2023-12-19,HCO3,1855.5990079215878
2023-12-19T15:33:00Z,T6,10028,tank,2023-12-19,CO3,239.4600090715336
2023-12-19T15:33:00Z,T6,10028,tank,2023-12-19,OmegaAragonite,3.8808461868902726
2023-12-19T15:35:00Z,T7,10035,tank,2023-12-19,temp.ERL,27.9833
2023-12-19T15:35:00Z,T7,10035,tank,2023-12-19,pH.ERL,8.03222
2023-12-19T15:35:00Z,T7,10035,tank,2023-12-19,sal,34.02190434110096
2023-12-19T15:35:00Z,T7,10035,tank,2023-12-19,dic,2119.3354864610596
2023-12-19T15:35:00Z,T7,10035,tank,2023-12-19,ta,2440.0884076126304
2023-12-19T15:35:00Z,T7,10035,tank,2023-12-19,spec_pHCorrected,8.053613078779598
2023-12-19T15:35:00Z,T7,10035,tank,2023-12-19,ph_calc,8.02609334773668
2023-12-19T15:35:00Z,T7,10035,tank,2023-12-19,CO2,11.823370556182047
2023-12-19T15:35:00Z,T7,10035,tank,2023-12-19,pCO2,447.2340385337819
2023-12-19T15:35:00Z,T7,10035,tank,2023-12-19,HCO3,1873.0462701081701
2023-12-19T15:35:00Z,T7,10035,tank,2023-12-19,CO3,234.4658457967079
2023-12-19T15:35:00Z,T7,10035,tank,2023-12-19,OmegaAragonite,3.801649405789796
2023-12-19T15:30:00Z,T8,10059,tank,2023-12-19,temp.ERL,28.0145
2023-12-19T15:30:00Z,T8,10059,tank,2023-12-19,pH.ERL,7.99531
2023-12-19T15:30:00Z,T8,10059,tank,2023-12-19,sal,33.934028318955455
2023-12-19T15:30:00Z,T8,10059,tank,2023-12-19,dic,2131.573321014674
2023-12-19T15:30:00Z,T8,10059,tank,2023-12-19,ta,2437.8868470530974
2023-12-19T15:30:00Z,T8,10059,tank,2023-12-19,spec_pHCorrected,8.011633701110721
2023-12-19T15:30:00Z,T8,10059,tank,2023-12-19,ph_calc,8.003747511965567
2023-12-19T15:30:00Z,T8,10059,tank,2023-12-19,CO2,12.589185053277367
2023-12-19T15:30:00Z,T8,10059,tank,2023-12-19,pCO2,476.3444630941943
2023-12-19T15:30:00Z,T8,10059,tank,2023-12-19,HCO3,1893.995846098589
2023-12-19T15:30:00Z,T8,10059,tank,2023-12-19,CO3,224.98828986280756
2023-12-19T15:30:00Z,T8,10059,tank,2023-12-19,OmegaAragonite,3.650702300361465
2023-12-19T15:38:00Z,loop,10063,loop,2023-12-19,temp.ERL,23.038
2023-12-19T15:38:00Z,loop,10063,loop,2023-12-19,pH.ERL,NA
2023-12-19T15:38:00Z,loop,10063,loop,2023-12-19,sal,34.214692489664166
2023-12-19T15:38:00Z,loop,10063,loop,2023-12-19,dic,2203.3121760801873
2023-12-19T15:38:00Z,loop,10063,loop,2023-12-19,ta,2429.972444656779
2023-12-19T15:38:00Z,loop,10063,loop,2023-12-19,spec_pHCorrected,7.924419752824266
2023-12-19T15:38:00Z,loop,10063,loop,2023-12-19,ph_calc,7.933767305487636
2023-12-19T15:38:00Z,loop,10063,loop,2023-12-19,CO2,17.271785593745633
2023-12-19T15:38:00Z,loop,10063,loop,2023-12-19,pCO2,577.8968828568786
2023-12-19T15:38:00Z,loop,10063,loop,2023-12-19,HCO3,2015.110522020328
2023-12-19T15:38:00Z,loop,10063,loop,2023-12-19,CO3,170.92986846611365
2023-12-19T15:38:00Z,loop,10063,loop,2023-12-19,OmegaAragonite,2.702306922660438
2024-01-09T15:36:00Z,T5,10047,tank,2024-01-09,temp.ERL,27.9627
2024-01-09T15:36:00Z,T5,10047,tank,2024-01-09,pH.ERL,7.99412
2024-01-09T15:36:00Z,T5,10047,tank,2024-01-09,sal,34.84741811847584
2024-01-09T15:36:00Z,T5,10047,tank,2024-01-09,dic,2131.4517337436882
2024-01-09T15:36:00Z,T5,10047,tank,2024-01-09,ta,2452.608583281067
2024-01-09T15:36:00Z,T5,10047,tank,2024-01-09,spec_pHCorrected,7.976254427497841
2024-01-09T15:36:00Z,T5,10047,tank,2024-01-09,ph_calc,8.014809943429235
2024-01-09T15:36:00Z,T5,10047,tank,2024-01-09,CO2,12.13358128221786
2024-01-09T15:36:00Z,T5,10047,tank,2024-01-09,pCO2,460.6655640310507
2024-01-09T15:36:00Z,T5,10047,tank,2024-01-09,HCO3,1885.1186875378019
2024-01-09T15:36:00Z,T5,10047,tank,2024-01-09,CO3,234.19946492366802
2024-01-09T15:36:00Z,T5,10047,tank,2024-01-09,OmegaAragonite,3.775727699265006
2024-01-09T15:38:00Z,T6,10011,tank,2024-01-09,temp.ERL,27.9901
2024-01-09T15:38:00Z,T6,10011,tank,2024-01-09,pH.ERL,7.98819
2024-01-09T15:38:00Z,T6,10011,tank,2024-01-09,sal,34.86706828085355
2024-01-09T15:38:00Z,T6,10011,tank,2024-01-09,dic,2120.3608001517523
2024-01-09T15:38:00Z,T6,10011,tank,2024-01-09,ta,2448.47077401183
2024-01-09T15:38:00Z,T6,10011,tank,2024-01-09,spec_pHCorrected,8.012585761952081
2024-01-09T15:38:00Z,T6,10011,tank,2024-01-09,ph_calc,8.025749080308307
2024-01-09T15:38:00Z,T6,10011,tank,2024-01-09,CO2,11.729358887921189
2024-01-09T15:38:00Z,T6,10011,tank,2024-01-09,pCO2,445.6539205038907
2024-01-09T15:38:00Z,T6,10011,tank,2024-01-09,HCO3,1870.0353175182101
2024-01-09T15:38:00Z,T6,10011,tank,2024-01-09,CO3,238.59612374562067
2024-01-09T15:38:00Z,T6,10011,tank,2024-01-09,OmegaAragonite,3.846638963188304
2024-01-09T15:40:00Z,T7,10027,tank,2024-01-09,temp.ERL,28.0007
2024-01-09T15:40:00Z,T7,10027,tank,2024-01-09,pH.ERL,7.97818
2024-01-09T15:40:00Z,T7,10027,tank,2024-01-09,sal,34.8399029591545
2024-01-09T15:40:00Z,T7,10027,tank,2024-01-09,dic,2134.65296822238
2024-01-09T15:40:00Z,T7,10027,tank,2024-01-09,ta,2449.1350478495065
2024-01-09T15:40:00Z,T7,10027,tank,2024-01-09,spec_pHCorrected,7.956535702481947
2024-01-09T15:40:00Z,T7,10027,tank,2024-01-09,ph_calc,8.004199540691381
2024-01-09T15:40:00Z,T7,10027,tank,2024-01-09,CO2,12.47422261574786
2024-01-09T15:40:00Z,T7,10027,tank,2024-01-09,pCO2,474.00929928443986
2024-01-09T15:40:00Z,T7,10027,tank,2024-01-09,HCO3,1892.4648727815309
2024-01-09T15:40:00Z,T7,10027,tank,2024-01-09,CO3,229.71387282510133
2024-01-09T15:40:00Z,T7,10027,tank,2024-01-09,OmegaAragonite,3.7043493115160606
2024-01-09T15:42:00Z,T8,10051,tank,2024-01-09,temp.ERL,28.0344
2024-01-09T15:42:00Z,T8,10051,tank,2024-01-09,pH.ERL,7.98025
2024-01-09T15:42:00Z,T8,10051,tank,2024-01-09,sal,34.96966537348157
2024-01-09T15:42:00Z,T8,10051,tank,2024-01-09,dic,2118.695853090461
2024-01-09T15:42:00Z,T8,10051,tank,2024-01-09,ta,2446.8546748515623
2024-01-09T15:42:00Z,T8,10051,tank,2024-01-09,spec_pHCorrected,8.026497516197457
2024-01-09T15:42:00Z,T8,10051,tank,2024-01-09,ph_calc,8.024132407999746
2024-01-09T15:42:00Z,T8,10051,tank,2024-01-09,CO2,11.744153772103068
2024-01-09T15:42:00Z,T8,10051,tank,2024-01-09,pCO2,446.9190319483508
2024-01-09T15:42:00Z,T8,10051,tank,2024-01-09,HCO3,1868.49532592683
2024-01-09T15:42:00Z,T8,10051,tank,2024-01-09,CO3,238.4563733915282
2024-01-09T15:42:00Z,T8,10051,tank,2024-01-09,OmegaAragonite,3.8425192767207585
2024-01-09T15:46:00Z,loop,10026,loop,2024-01-09,temp.ERL,22.7953
2024-01-09T15:46:00Z,loop,10026,loop,2024-01-09,pH.ERL,NA
2024-01-09T15:46:00Z,loop,10026,loop,2024-01-09,sal,34.72542254382898
2024-01-09T15:46:00Z,loop,10026,loop,2024-01-09,dic,2182.608529714958
2024-01-09T15:46:00Z,loop,10026,loop,2024-01-09,ta,2451.608483059096
2024-01-09T15:46:00Z,loop,10026,loop,2024-01-09,spec_pHCorrected,7.9766583603353025
2024-01-09T15:46:00Z,loop,10026,loop,2024-01-09,ph_calc,8.006728108563799
2024-01-09T15:46:00Z,loop,10026,loop,2024-01-09,CO2,14.283806779542
2024-01-09T15:46:00Z,loop,10026,loop,2024-01-09,pCO2,476.1740795397688
2024-01-09T15:46:00Z,loop,10026,loop,2024-01-09,HCO3,1970.0787190361254
2024-01-09T15:46:00Z,loop,10026,loop,2024-01-09,CO3,198.24600389929063
2024-01-09T15:46:00Z,loop,10026,loop,2024-01-09,OmegaAragonite,3.121237620496124
